qid,chunk_id,doc_id,page_id,page_number,relevance,evidence_note,labeler,verified,label_source,label_quality,answer_text,decision_reason
SQ0001,D001_C0100,D001,D001_P0113,113,1,"[Page 113] Chương II. Sự hình thành nước Văn Lang đồng Đông Sơn, trên thạp đồng đều mặc áo, váy hoặc đóng khố rất sinh động. Nghề làm gốm đến thời Hùng Vương đã tích lũy được nhiều kinh nghiệm nên đạt được nhiều bước tiến bộ. Đồ gốm thời kỳ Phùng Nguyên đã được làm bàng bàn xo...",,false,llm_assisted,silver,"nung gốm giai đoạn Gò Mun được cài thiện, đạt tới 800 - 900°c.",source chunk used as initial silver positive evidence
SQ0002,D001_C0102,D001,D001_P0115,115,1,"[Page 115] Chương II. Sự hình thành nước Văn Lang ngoài đôi bàn tay khéo léo, còn hiểu biết khá sâu sắc và ngày càng tích lũy được nhiều kinh nghiệm trong nghề luyện kim đúc đồng. Những người thợ lành nghề đó chắc chắn đã tách khỏi nghề nông. Sản phấm đúc đồng do họ làm ra có...",,false,llm_assisted,silver,"cuốc sắt tìm thấy ở gò Chiền Vậy là 2.350 ± 100 năm (1950), tức",source chunk used as initial silver positive evidence
SQ0003,D002_C0100,D002,D002_P0105,105,1,"[Page 105] LỊCH SỬ VIỆT NAM - TẬP 2 Đạo quân của nhà Tống dưới sự chi huy trực tiếp của Hầu Nhân Bảo từ Quảng Đông (Trung Quốc) men theo đường thủy ven biển tiến vào nước ta: Sách Việt sử thông giám cương mục ghi: “Năm Tân Tỵ (981), mùa xuân, tháng 3, quân của Hầu Nhân Bảo kéo...",,false,llm_assisted,silver,"Tân Tỵ (981), mùa xuân, tháng 3, quân của Hầu Nhân Bảo kéo",source chunk used as initial silver positive evidence
SQ0003,D002_C0102,D002,D002_P0107,107,1,"[Page 107] LỊCH S ừ VIỆT NAM - TẬP 2 Cuộc đụng độ đầu tiên diễn ra vào đầu hạ tuần tháng Chạp năm Canh Thìn (980), thuộc các xã Yên Giang, Hải Yên (Yên Hưng) và Phục Lễ, Lập Lễ (Thuỷ Nguyên) ngày nay. Tại đây quân ta đã cắm cọc trên sông Bạch Đằng, bố trí trận địa đón đánh, kì...",,false,llm_assisted,silver,"Tân Tỵ (981), mùa xuân, tháng 3, quân của Hầu Nhân Bảo kéo",BM25 expansion silver positive; answer_overlap=0.73;year_ok=True
SQ0003,D002_C0103,D002,D002_P0108,108,1,"[Page 108] Chương III. Đại cồ Việt thời Tiền Lê (980 -1009) bắt được Nhân Bào, đem chém về sự kiện này sách Tống sử của Trung Quốc chép như sau: “Lê Hoàn giả vờ xin hàng mà Hầu Nhán Bảo và Tôn Toàn Himg cứ tưởng là t h ật “Khi Lưu Trừng đến thì Toàn Hưng cùng Lưu Trừng theo đư...",,false,llm_assisted,silver,"Tân Tỵ (981), mùa xuân, tháng 3, quân của Hầu Nhân Bảo kéo",BM25 expansion silver positive; answer_overlap=0.55;year_ok=True
SQ0003,D013_C0085,D013,D013_P0095,95,1,"[Page 95] Chưomg ỉ. Miền Bắc vừa xây dựng vừa chiến đấu... Đặc biệt, tiếp tục đẩy mạnh công tác phòng bệnh, khám chữa bệnh cho nhân dân, cán bộ công nhân viên các cơ quan, xí nghiệp, trường học, mạng lưới y tế cơ sở phát triển thành một hệ thống sâu rộng. Hầu hết các bản làng,...",,false,llm_assisted,silver,"Tân Tỵ (981), mùa xuân, tháng 3, quân của Hầu Nhân Bảo kéo",BM25 expansion silver positive; answer_overlap=0.64;year_ok=True
SQ0004,D005_C0096,D005,D005_P0102,102,1,"[Page 102] Chương II. Hệ thống quản lý hành chính.., Các quan chức đứng đầu các cơ quan hành chính địa phương trên cùng các thuộc viên trong đó đều có chức năng và trách nhiệm thực thi nhiệm vụ của triều đình mà đứng đầu là nhà vua đề quản lý đất nước. 2. Chức năng và nhiệm vụ...",,false,llm_assisted,silver,"Ở kinh đô, năm 1823 bắt đầu đặt chức Đe đốc kinh thành; chức",source chunk used as initial silver positive evidence
SQ0004,D005_C0361,D005,D005_P0386,386,1,"[Page 386] Chương VI. Thương nghiệp vạn hộc, Bình Thuận mua 3 vạn hộc1. Năm 1835, ở cả Bắc Kỳ và Nam Kỳ đều có binh biến nên năm này tất cá các tinh đều phải thu mua thóc cho Nhà nước. Riêng thóc nếp là thứ triều đình cần dùng cho những dịp tế lễ hội hè... được mua thường xuyê...",,false,llm_assisted,silver,"Ở kinh đô, năm 1823 bắt đầu đặt chức Đe đốc kinh thành; chức",BM25 expansion silver positive; answer_overlap=0.33;question_overlap=0.36;year_ok=True
SQ0004,D005_C0452,D005,D005_P0479,479,1,"[Page 479] LỊCH SỪ VỆT NAM - TẬP 5 Xuân, Tổng đốc An-Tĩnh điều quân tiến đánh Trấn Ninh. Đen cuối năm 1834, các cánh quân Xiêm xâm lấn ở Nam Kỳ và dọc biên giới nước ta từ Nghệ An đến Quảng Trị đều bị đánh lui. v ề cơ bản, diễn biến quan hệ đối ngoại giữa Việt - Xiêm - Vạn Tượ...",,false,llm_assisted,silver,"Ở kinh đô, năm 1823 bắt đầu đặt chức Đe đốc kinh thành; chức",BM25 expansion silver positive; answer_overlap=0.33;question_overlap=0.50;year_ok=True
SQ0004,D006_C0402,D006,D006_P0414,414,1,"[Page 414] Chương V. Những biến chuyển về chính trị, kinh tế, xã hội.. với một thời lượng nhất định. Ngoài những trường dạy văn hóa, học sinh còn được dạy nghề mộc, nghề rèn và thù công mỹ nghệ. 2Ẻ Văn hóa Triều Nguyễn đã để lại cho lịch sử một di sản văn hóa khổng lồ. Riêng s...",,false,llm_assisted,silver,"Ở kinh đô, năm 1823 bắt đầu đặt chức Đe đốc kinh thành; chức",BM25 expansion silver positive; answer_overlap=0.44;question_overlap=0.50;year_ok=True
SQ0005,D005_C0097,D005,D005_P0103,103,1,"[Page 103] LỊCH SỪ VIỆT NAM - TẬP 5 triều đình hỗ trợ kịp thời. Các quan lại ở kinh đô yếu kém, bất lực, lười nhác, trốn ưánh nhiệm vụ hay nhũng nhiễu dân đều bị trị tội theo pháp luật. Theo Đại Nam thực lục, vào đầu mùa Thu năm 1825, Minh Mệnh ra chi giáng chức thự Phủ doãn (...",,false,llm_assisted,silver,"Theo Đại Nam thực lục, vào đầu mùa Thu năm 1825, Minh",source chunk used as initial silver positive evidence
SQ0005,D005_C0384,D005,D005_P0412,412,1,"[Page 412] Chương VI. Thương nghiệp Trong công cuộc giao thiệp buôn bán ở Việt Nam, các lái buôn người Pháp có được ưu đãi hom do có công với triều đình Nguyễn. Các nhà buôn tinh Bordeaux và Bangerle đã tới Việt Nam nhiều lần. Năm 1817, tàu La Praix đến, được Gia Long cho miễn...",,false,llm_assisted,silver,"Theo Đại Nam thực lục, vào đầu mùa Thu năm 1825, Minh",BM25 expansion silver positive; answer_overlap=0.75;year_ok=True
SQ0005,D005_C0312,D005,D005_P0326,326,1,"[Page 326] Chương V. Công nghiệp và thủ công nghiệp - Các hạng thuyền Ô, Lê, Chu, Sai' cứ 2 chiếc đặt chung 1 xưởng, chiếu theo hạng nhì, cấp tiền 150 quan. Neu đặt chung cả thuyền Sam bản thì mỗi xưởng cấp thêm 120 quan. Nhược bằng số lè, không đặt gộp được, thì cho chia đặt...",,false,llm_assisted,silver,"Theo Đại Nam thực lục, vào đầu mùa Thu năm 1825, Minh",BM25 expansion silver positive; answer_overlap=0.75;year_ok=True
SQ0005,D005_C0213,D005,D005_P0225,225,1,"[Page 225] LỊCH SỬ VIỆT NAM - TẬP 5 hiểu thị cho Tổng lý trong hạt biết: chỗ nào có bãi cát non đã thành thổ và bãi mới bồi đã thành thổ, hạn trong năm nay phải báo quan cho bắt đầu thu thuế; những chỗ mới bồi chưa thành thổ, cũng lập tức làm đơn xin trưng để vào sổ làm bằng,...",,false,llm_assisted,silver,"Theo Đại Nam thực lục, vào đầu mùa Thu năm 1825, Minh",BM25 expansion silver positive; answer_overlap=0.83;year_ok=True
SQ0006,D005_C0103,D005,D005_P0109,109,1,"[Page 109] o Sơ đồ 5: Các cơ quan, chức quan hành chính địa phương (từ năm 1802 đến trước tháng 10-1831) Nguồn: - Thực lục, tập I-II-III, sđd. - Hội điển sự lệ, tập II, sđd. - Đại Nam nhất thống chí, tập V, sđd. LỊCH SỬ VIỆT NAM - TẬP 5 [Page 110] Chương II. Hệ thống quản lý h...",,false,llm_assisted,silver,"Sơ đồ 5: Các cơ quan, chức quan hành chính địa phương (từ năm 1802 đến trước tháng 10-1831)",source chunk used as initial silver positive evidence
SQ0006,D005_C0089,D005,D005_P0093,93,1,"[Page 93] LỊCH S ừ VIỆT NAM - TẬP 5 đến Hà Tiên, nhưng tình hình chính trị, xã hội chưa được ổn định. Sau cuộc nội chiến với Tây Sơn kéo dài gần 20 năm, đất nước chưa thể khôi phục ngay, cuộc sống của nhân dân còn lầm than. Lòng dân Bắc Hà chưa thực sự hướng về triều đại mới (...",,false,llm_assisted,silver,"Sơ đồ 5: Các cơ quan, chức quan hành chính địa phương (từ năm 1802 đến trước tháng 10-1831)",BM25 expansion silver positive; answer_overlap=0.85;year_ok=True
SQ0006,D005_C0031,D005,D005_P0039,39,1,"[Page 39] LỊCH SỪ VIỆT NAM - TẬP 5 trước 2 cấp: Trung ương và Tổng đốc - Tuần phủ. Dưới tình là phủ, huyện, châu và tổng, xã. Phủ và tổng là cấp chính quyền trung gian, còn cấp chính quyền cơ sở là xã được tổ chức chặt chẽ nhằm đảm bảo quyền lực nhà nước đến tận các xã thôn. N...",,false,llm_assisted,silver,"Sơ đồ 5: Các cơ quan, chức quan hành chính địa phương (từ năm 1802 đến trước tháng 10-1831)",BM25 expansion silver positive; answer_overlap=0.92;year_ok=True
SQ0006,D005_C0028,D005,D005_P0037,37,1,"LỊCH SỪ VIỆT NAM - TẬP 5 Công việc ở các nha, viện, giám, phủ cũng được Minh Mệnh rất quan tâm. Các nha phục vụ trong Hoàng cung và Hoàng tộc như Tôn nhân phủ, Thị vệ xứ, Ty cẩn tín, Thái y viện... được kiện toàn, đặc biệt là bộ ba: Thái giám - Thị vệ - cẩn tín đã trờ thành độ...",,false,llm_assisted,silver,"Sơ đồ 5: Các cơ quan, chức quan hành chính địa phương (từ năm 1802 đến trước tháng 10-1831)",BM25 expansion silver positive; answer_overlap=0.54;year_ok=True
SQ0007,D008_C0093,D008,D008_P0102,102,1,"[Page 102] LỊCH SỬ VIỆT NAM - TẬP 8 - Tòa án chung, được tổ chức bằng sẳc lệnh ngày 19-5-1919 và ngày 16-2-1921, sừa đổi nhiều lần vào các năm 1921, 1923, 1924, 1926,1927 và được bổ sung bằng sắc lệnh ngày 22-8-1928, gồm có: + Tòa Hòa giải với thám quyền bình thường, do một qu...",,false,llm_assisted,silver,"- Tòa án chung, được tổ chức bằng sẳc lệnh ngày 19-5-1919 và",source chunk used as initial silver positive evidence
SQ0007,D008_C0284,D008,D008_P0301,301,1,"[Page 301] Chương V. Xã hội Việt Nam phân hóa thêm sâu sắc... của các điền chủ, các công ty điền chủ đã diễn ra một cách phổ biến và được chính quyền tạo thuận lợi. Ở Bắc Kỳ, trong những năm 20 thế kỳ XX, vì nhiều lý do khác nhau, qua một thòi gian dài thu lợi từ những đồn điề...",,false,llm_assisted,silver,"- Tòa án chung, được tổ chức bằng sẳc lệnh ngày 19-5-1919 và",BM25 expansion silver positive; answer_overlap=0.44;question_overlap=0.71;year_ok=True
SQ0007,D008_C0058,D008,D008_P0067,67,1,[Page 67] Chương II. Thực dân Pháp củng cố và tăng cường... ngày 16-2-1921 cho phép Toàn quyền được thành lập các tòa hòa giải ở Nam Kỳ và bổ nhiệm một số thẩm phán người Việt vào các tòa án tại Nam Kỳ để xét xử theo luật pháp nước Pháp bằng tiếng Việt. Sắc lệnh ngày 5-3-1927...,,false,llm_assisted,silver,"- Tòa án chung, được tổ chức bằng sẳc lệnh ngày 19-5-1919 và",BM25 expansion silver positive; answer_overlap=0.67;year_ok=True
SQ0007,D008_C0073,D008,D008_P0082,82,1,"[Page 82] LỊCH SỪ VIỆT NAM - TẬP 8 hàng tín dụng nông nghiệp của người bản xứ ở các xứ còn lại (theo tinh thần các Nghị định ngày 21-7-1927; 28-1-1928; 29-11-1929). về tài chính, chính quyền cấp tinh không có quyền lập ra bất kỳ một thứ thuế nào nhưng có trách nhiệm lập sổ thu...",,false,llm_assisted,silver,"- Tòa án chung, được tổ chức bằng sẳc lệnh ngày 19-5-1919 và",BM25 expansion silver positive; answer_overlap=0.56;year_ok=True
SQ0008,D010_C0091,D010,D010_P0100,100,1,"[Page 100] LỊCH SỪ VIỆT NAM - TẬP 10 to lớn từ phía các đội quân nước ngoài đang có mặt trên lành thổ quốc gia để tranh thủ củng cố lực lượng. a. Hòa hoãn với quăn Tưởng Chấp hành chủ trương của Đảng và Chính phủ, nhân dân ta cố gắng tránh xung đột với quân Tường khi họ kéo và...",,false,llm_assisted,silver,"cuộc biểu tình của 300 nghìn người đã được tổ chức ờ Hà Nội,",source chunk used as initial silver positive evidence
SQ0008,D005_C0288,D005,D005_P0301,301,1,"[Page 301] LỊCH SỪ VIỆT NAM - TẬP 5 Tháng 6 năm 1834, Minh Mệnh bắt đầu cho lập đồn điền ờ tinh Hà Tiên. Vua dụ bộ Binh rằng: ""Đất còn nhiều nguồn lợi, mà nay tỉnh hạt vô sự. Vậy dụ sai Tuần phủ Hà Tiên là Trần Chấn mộ nhiều dân nghèo khai khẩn cày cấy. Nhà nước cấp cho lúa gi...",,false,llm_assisted,silver,"cuộc biểu tình của 300 nghìn người đã được tổ chức ờ Hà Nội,",BM25 expansion silver positive; answer_overlap=0.30;question_overlap=0.57;year_ok=True
SQ0008,D002_C0391,D002,D002_P0404,404,1,[Page 404] Chương VIII. Chính trị thời Trần Người mắc trọng tội thì kể cả là người trong hoàng tộc đã từng chinh chiến có công vẫn bị trị tội. Sử chép: “Bảo Uy vương Hiến đã từng cầm quân đi đánh Ai Lao thắng trận (tháng 5 năm 1346) nhưng một năm sau lấy trộm áo vài hỏa cán (t...,,false,llm_assisted,silver,"cuộc biểu tình của 300 nghìn người đã được tổ chức ờ Hà Nội,",BM25 expansion silver positive; answer_overlap=0.40;question_overlap=0.57;year_ok=True
SQ0008,D015_C0353,D015,D015_P0387,387,1,"[Page 387] Chương 111. Phát triển kinh tế - xã hội.. Sinh viên đào tạo đại học, cao đẳng hệ dài hạn chính quy đã tăng lên cả về quy mô và số sinh viên tốt nghiệp. Năm 1996, sinh viên hệ công lập có 509.300 người. Năm 2000, sinh viên hệ này đã tăng lên thành 899.500, trong đó c...",,false,llm_assisted,silver,"cuộc biểu tình của 300 nghìn người đã được tổ chức ờ Hà Nội,",BM25 expansion silver positive; answer_overlap=0.50;year_ok=True
SQ0009,D001_C0108,D001,D001_P0121,121,1,"[Page 121] Chưcmg II. Sự hình thành nước Văn Lang giặc ""Ân"". Cuộc chiến chống giặc Ân vào thời Hùng Vương thứ VI là một câu chuyện huyền thoại mang tính chất anh hùng ca tuyệt vời về cậu bé Gióng làng Phù Đổng (Gia Lâm, Hà Nội) đã phá tan lũ giặc Ân. Câu chuyện thể hiện ý chí...",,false,llm_assisted,silver,Cuộc chiến chống giặc Ân vào thời Hùng Vương thứ VI là,source chunk used as initial silver positive evidence
SQ0009,D004_C0506,D004,D004_P0529,529,1,"[Page 529] LỊCH Sừ VIỆT NAM - TẬP 4 ngâm, Cung oán ngâm khúc cũng đứng ra bênh vực người phụ nữ, lên án gay gắt chế độ đa thê hết sức vô nhân đạo do bọn vua chúa gây ra. Mức độ đấu tranh dứt khoát hom, quyết liệt hom còn được thể hiện ưong dòng văn học dân gian như Truyện Trạn...",,false,llm_assisted,silver,Cuộc chiến chống giặc Ân vào thời Hùng Vương thứ VI là,BM25 expansion silver positive; answer_overlap=0.56;year_ok=True
SQ0009,D001_C0472,D001,D001_P0491,491,1,"[Page 491] Chương VIII. Sự hình thành và phát triển... Như thế, việc xe sợi, dệt vải trắng, nhuộm và dệt nhiều màu, đã phổ biến và có kỹ thuật tinh xảo, làm thành một bước tiến đáng kể của nghề thù công cổ truyền này. * Nghề gom Trong nền Văn hóa Sa Huỳnh, kỹ thuật chế tạo và...",,false,llm_assisted,silver,Cuộc chiến chống giặc Ân vào thời Hùng Vương thứ VI là,BM25 expansion silver positive; answer_overlap=0.33;question_overlap=0.56;year_ok=True
SQ0009,D002_C0347,D002,D002_P0360,360,1,"[Page 360] Chucmg VIII. Chính trị thòi Trần thân vương trong tôn thất làm chức ấy, gia phong tước quốc công. Những người hiền tài họ khác, dầu được chọn vào chính phủ, chưa từng được làm chức bình chương, vì lấy sự thân với người thân làm trọng, đó là thể lệ đặt chức Tể tướng...",,false,llm_assisted,silver,Cuộc chiến chống giặc Ân vào thời Hùng Vương thứ VI là,BM25 expansion silver positive; answer_overlap=0.44;question_overlap=0.56;year_ok=True
SQ0010,D004_C0088,D004,D004_P0102,102,1,"[Page 102] đem tờ biểu của vua Lê đến bái yết Quế vương ở Triệu Khánh. Đen bước đường suy sụp này triều Minh mới sai người sang Đại Việt phong cho vua Lê làm An Nam quốc vương' vào năm 1647, công nhận nền độc lập của Đại Việt. Nhưng Quế vương triều Minh lại bị quân Thanh uy hi...",,false,llm_assisted,silver,bước đường suy sụp này triều Minh mới sai người sang Đại Việt,source chunk used as initial silver positive evidence
SQ0010,D009_C0380,D009,D009_P0394,394,1,"[Page 394] LỊCH Sừ VIỆT NAM - TẬP 9 CÓ được thành tích ấy, báo cáo kết luận/ ""3. Anh hưởng cùa Đảng ta phát triển rất nhanh chóng là nhờ chính sách cùa Đàng thích hợp với các điều nhu yếu cùa các lớp nhân dân, nhờ các Đảng bộ đã hăng hái tham gia và chi đạo phong trào dân chún...",,false,llm_assisted,silver,bước đường suy sụp này triều Minh mới sai người sang Đại Việt,BM25 expansion silver positive; answer_overlap=0.38;question_overlap=0.69;year_ok=True
SQ0010,D009_C0292,D009,D009_P0305,305,1,"[Page 305] Chương III. Tình hình kinh tế - xã hội Việt Nam... 2. Chính sách của Quốc tế Cộng sản Trước hiểm hoạ phát xít và nguy cơ chiến tranh cũng như sự phát triển trong phân rẽ về đường lối cách mạng của phong trào cộng sản và phong trào công nhân quốc tế1, Quốc tế Cộng sả...",,false,llm_assisted,silver,bước đường suy sụp này triều Minh mới sai người sang Đại Việt,BM25 expansion silver positive; answer_overlap=0.31;question_overlap=0.69;year_ok=True
SQ0010,D008_C0452,D008,D008_P0471,471,1,"[Page 471] CÁC TỒ CHỨC CÁCH MẠNG RA ĐỜI TRONG NHỮNG NĂM 1925-1929 Vào nửa sau những năm 20 thế kỷ XX, tình hình thế giới vẫn diễn biến một cách phức tạp mặc dù chiến tranh đã kết thúc. Nền kinh tế tư bản vừa trải qua một vài năm phục hồi và phát triển sau chiến tranh đã có nhữ...",,false,llm_assisted,silver,bước đường suy sụp này triều Minh mới sai người sang Đại Việt,BM25 expansion silver positive; answer_overlap=0.38;question_overlap=0.81;year_ok=True
SQ0011,D005_C0099,D005,D005_P0105,105,1,"[Page 105] LỊCH SỪ VIỆT NAM - TẬP 5 Cơ quan Tổng trấn Bắc thành tại Thăng Long lúc đầu đặt bốn ty, sau đặt thêm Ty Thư tả. Trong đó: Ty Tả thừa đặt 2 tào nội thuộc - tào Hộ phụ trách việc hộ tịch, thu giữ, bảo quản sổ sách hộ tịch, tham gia kiểm xét sổ hộ tịch cho các trấn gửi...",,false,llm_assisted,silver,Cơ quan Tổng trấn Bắc thành tại Thăng Long lúc đầu đặt bốn,source chunk used as initial silver positive evidence
SQ0011,D005_C0367,D005,D005_P0394,394,1,"[Page 394] Chương VI. Thương nghiệp Huế, Gia Định, v.v... Trong những đô thị này cũng chỉ có những phố hoặc chợ có quy mô lớn, buôn bán sầm uất mới phải chịu thuế. Chợ Gia Hội ở Huế được lập ra vào năm 1837, tại đây còn có 3 dãy phố dài. Theo quy định của Nhà nước, ""các người...",,false,llm_assisted,silver,Cơ quan Tổng trấn Bắc thành tại Thăng Long lúc đầu đặt bốn,BM25 expansion silver positive; answer_overlap=0.75;year_ok=True
SQ0011,D002_C0591,D002,D002_P0608,608,1,"[Page 608] Chương XI. Văn hóa, xã hội Đ ại V iệt thòi T rần lộ - phủ - trấn, xã, triều đinh còn quy định tuồi lên lão của nhân dân là ""60 tuổi gọi là lão, già lắm gọi là long lão""1. Sau chiến thắng quân xâm lược Mông - Nguyên lần thứ nhất, Thượng hoàng Thái Tông về quê hương T...",,false,llm_assisted,silver,Cơ quan Tổng trấn Bắc thành tại Thăng Long lúc đầu đặt bốn,BM25 expansion silver positive; answer_overlap=0.58;year_ok=True
SQ0011,D004_C0209,D004,D004_P0225,225,1,"[Page 225] LỊCH Sừ VIỆT NAM - TẬP 4 - Phố Hiển ở Đàng Ngoài, Phố Hiến được coi là nơi đô hội ửiứ hai sau Thăng Long: “Thứ nhát Kinh Kỳ, thứ nhì Phố Hiểrí”. Phố Hiến có vị trí tự nhiên thuận lợi bời nằm ngay cạnh một con sông lớn (sông Hồng) và không cách quá xa kinh thành Thăn...",,false,llm_assisted,silver,Cơ quan Tổng trấn Bắc thành tại Thăng Long lúc đầu đặt bốn,BM25 expansion silver positive; answer_overlap=0.50;year_ok=True
SQ0012,D006_C0089,D006,D006_P0101,101,1,"[Page 101] LỊCH SỬ VIỆT NAM - TẬP 6 - Trận sông Nại Hiên lần thứ nhất (tháng 11-1858). Đây là trận đánh theo lối phục kích khi thuyền chiến của liên quân Pháp - Tây Ban Nha ngược dòng sông Hàn, sông Nại Hiên. Quân sỹ triều đình phân chia lực lượng để tập kích quân giặc và đã g...",,false,llm_assisted,silver,- Trận sông Nại Hiên lần thứ nhất (tháng 11-1858).,source chunk used as initial silver positive evidence
SQ0012,D006_C0090,D006,D006_P0102,102,1,"[Page 102] Chương II. Cuộc kháng chiến của nhân dân Việt Nam.. - Trận Hoá Khuê - Thạc Giản (tháng 12-1858). Địch điều động một số lượng lớn (700 người) tấn công quân triều đình. Dưới sự chi huy trực tiếp cùa Phan Khắc Thận và Nguyễn Duy, quân triều đình đã chống trả kịch liệt....",,false,llm_assisted,silver,- Trận sông Nại Hiên lần thứ nhất (tháng 11-1858).,BM25 expansion silver positive; answer_overlap=0.56;year_ok=True
SQ0013,D006_C0095,D006,D006_P0107,107,1,"[Page 107] LỊCH SỬ VIỆT NAM - TẬP 6 Sau khi Regault de Genouilly đưa quân trở ra Đà Nằng, trên chiến trường Gia Định, các trận chiến vẫn tiếp tục nổ ra. Điển hình là trận đánh xảy ra tại đồn Phú Thọ (Gia Định) vào ngày 2-5-1859. Đây là đồn binh vừa được tu sửa bao gồm 3 vị trí...",,false,llm_assisted,silver,là trận đánh xảy ra tại đồn Phú Thọ (Gia Định) vào ngày 2-5-1859.,source chunk used as initial silver positive evidence
SQ0014,D008_C0094,D008,D008_P0103,103,1,"[Page 103] Chương II. Thực dân Pháp củng cố và tăng cường... gồm: Tổng đốc tư pháp, Tuần phủ tư pháp, Án sát, Tri phủ tư pháp và Tri huyện tư pháp. Ở phủ, huyện, châu có Tòa án cấp I, ở thủ phù mỗi tinh có Tòa án cấp II, gọi là Tòa án tình. Tuy nhiên, tại Phòng Nhì của Tòa Thư...",,false,llm_assisted,silver,"Tuy nhiên, tại Phòng Nhì của Tòa Thượng thẩm Hà Nội có 21",source chunk used as initial silver positive evidence
SQ0014,D005_C0367,D005,D005_P0394,394,1,"[Page 394] Chương VI. Thương nghiệp Huế, Gia Định, v.v... Trong những đô thị này cũng chỉ có những phố hoặc chợ có quy mô lớn, buôn bán sầm uất mới phải chịu thuế. Chợ Gia Hội ở Huế được lập ra vào năm 1837, tại đây còn có 3 dãy phố dài. Theo quy định của Nhà nước, ""các người...",,false,llm_assisted,silver,"Tuy nhiên, tại Phòng Nhì của Tòa Thượng thẩm Hà Nội có 21",BM25 expansion silver positive; answer_overlap=0.30;question_overlap=0.62;year_ok=True
SQ0014,D004_C0209,D004,D004_P0225,225,1,"[Page 225] LỊCH Sừ VIỆT NAM - TẬP 4 - Phố Hiển ở Đàng Ngoài, Phố Hiến được coi là nơi đô hội ửiứ hai sau Thăng Long: “Thứ nhát Kinh Kỳ, thứ nhì Phố Hiểrí”. Phố Hiến có vị trí tự nhiên thuận lợi bời nằm ngay cạnh một con sông lớn (sông Hồng) và không cách quá xa kinh thành Thăn...",,false,llm_assisted,silver,"Tuy nhiên, tại Phòng Nhì của Tòa Thượng thẩm Hà Nội có 21",BM25 expansion silver positive; answer_overlap=0.40;question_overlap=0.69;year_ok=True
SQ0014,D005_C0375,D005,D005_P0402,402,1,"[Page 402] Chương VI. Thương nghiệp chợ Tam Bảo) họp tại sân chùa hoặc gần chùa, có từ thế kỷ XVII đến nay vẫn còn tồn tại ở nhiều địa phương. Thời gian nhóm họp chợ cũng khác nhau. Có chợ họp hằng ngày, đó là loại chợ có ở các làng, chợ họp theo phiên (một tháng vài lần vào n...",,false,llm_assisted,silver,"Tuy nhiên, tại Phòng Nhì của Tòa Thượng thẩm Hà Nội có 21",BM25 expansion silver positive; answer_overlap=0.40;question_overlap=0.50;year_ok=True
SQ0015,D001_C0103,D001,D001_P0116,116,1,"[Page 116] LỊCH SỪ VIỆT NAM - TẬP 1 thực phẩm từ tự nhiên - hái lượm, săn bắn, đánh cá tạo nguồn sống chính tương đối ổn định của cư dân Đông Sơn. Bên cạnh đó có sự hỗ trợ của nghề thủ công đúc đồng, làm gốm, làm nghề thủ công mỹ nghệ chế tác đồ trang sức từ đá, thủy tình. Qua...",,false,llm_assisted,silver,"mỹ nghệ chế tác đồ trang sức từ đá, thủy tình.",source chunk used as initial silver positive evidence
SQ0016,D002_C0095,D002,D002_P0100,100,1,"[Page 100] Chưomg III. Đại cồ Việt thòi Tiền Lê (980 - 1009) Ảnh 3: Đền thờ Lê Hoàn (Thọ Xuân, Thanh Hóa) Nguồn: Nguyễn Danh Phiệt (Chù biên) - Trần Thị Vinh - Đỗ Đức Hùng, Lịch sử Việt Nam thế kỳ X - đầu thế kỳ XV, Nxb. Khoa học xã hội, Hà Nội, 2002. 2. Kháng chiến chống quân...",,false,llm_assisted,silver,Kháng chiến chống quân xâm lược Tống (980 - 981),source chunk used as initial silver positive evidence
SQ0017,D002_C0103,D002,D002_P0108,108,1,"[Page 108] Chương III. Đại cồ Việt thời Tiền Lê (980 -1009) bắt được Nhân Bào, đem chém về sự kiện này sách Tống sử của Trung Quốc chép như sau: “Lê Hoàn giả vờ xin hàng mà Hầu Nhán Bảo và Tôn Toàn Himg cứ tưởng là t h ật “Khi Lưu Trừng đến thì Toàn Hưng cùng Lưu Trừng theo đư...",,false,llm_assisted,silver,Trung Quốc chép như sau: “Lê Hoàn giả vờ xin hàng mà Hầu,source chunk used as initial silver positive evidence
SQ0017,D010_C0475,D010,D010_P0488,488,1,"[Page 488] LỊCH SỬ VIỆT NAM - TẬP 10 chủ trương cho các địa phương có trách nhiệm tổ chức việc vận chuyển thóc. Ngày 1-9-1950, Bộ Kinh tế ra Thông tư sổ 27- BKT/TT quy định ""Việc vận chuyển thóc, gạo, ngô, khoai từ vùng địch ra vùng tự do được miễn giấy thông hành đặc biệt và...",,false,llm_assisted,silver,Trung Quốc chép như sau: “Lê Hoàn giả vờ xin hàng mà Hầu,BM25 expansion silver positive; answer_overlap=0.50;year_ok=True
SQ0018,D004_C0087,D004,D004_P0101,101,1,[Page 101] LỊCH SỪ VIỆT NAM - TẬP 4 đô thống sứ quản hạt đất đai nhân dân nước Nam và ban cho một quả ấn An Nam đô thống sứ ty bằng bạc'. An Nam đô thống sứ ty đô thống sứ mà vua Minh ban cho vua Lê lúc này mới chỉ tương đương với triều Mạc. Sứ thần của triều Lê lúc đó là Phùn...,,false,llm_assisted,silver,"chứng tỏ triều Minh chưa công nhận nền độc lập của Đại Việt, vẫn",source chunk used as initial silver positive evidence
SQ0019,D004_C0090,D004,D004_P0104,104,1,"[Page 104] Chương II. Tinh hình chính tri Đàng Ngoài và Đàng Trong Thiêm sự, tước Khoa quận công', nhưng đến năm 1672 đã nổi binh chống lại họ Trịnh ờ Tuyên Quang rồi chạy sang Vân Nam nhờ giúp sức. Nhân đó, Thổ ty phù Khai Hóa (thuộc Vân Nam) - vùng đất giáp ranh với hai châu...",,false,llm_assisted,silver,Mặc dù lúc này triều đình Lê - Trịnh đã chiếm lại được đất Cao,source chunk used as initial silver positive evidence
SQ0020,D004_C0091,D004,D004_P0105,105,1,"[Page 105] LỊCH SỪ VIỆT NAM - TẬP 4 Trong những vùng đất bị Thổ ty người Thanh xâm chiếm có những noi có nhiều khoáng sản quý (mỏ chì, đồng), đặc biệt là mỏ đồng Tụ Long là một mỏ có trữ lượng khoáng sản đồng rất lớn của Đại Việt nằm ờ châu Vị Xuyên bị quan quân nhà Thanh lập...",,false,llm_assisted,silver,"Trước sự việc này, triều đình Lê - Trịnh không có chính sách",source chunk used as initial silver positive evidence
SQ0020,D001_C0341,D001,D001_P0360,360,1,"[Page 360] LỊCH SỪ VIỆT NAM - TẬP 1 dần, tạo nên tình hình phiên trấn cát cứ, ảnh hường của triều đinh ngày càng bị thu hẹp. Ở các địa phương, giai cấp địa chủ tăng cường chiếm đoạt ruộng đất của nông dân, chế độ quân điền tan rã, mâu thuẫn giai cấp và mâu thuẫn giữa trung ươn...",,false,llm_assisted,silver,"Trước sự việc này, triều đình Lê - Trịnh không có chính sách",BM25 expansion silver positive; answer_overlap=0.78;year_ok=True
SQ0021,D002_C0098,D002,D002_P0103,103,1,"[Page 103] LỊCH S ử VIỆT NAM - TẬP 2 khanh nên chọn một""'. Hành động đó càng chứng tỏ nhà Tống quyết tâm xâm lược nước ta, những lời lẽ trong thư thực chất là “tối hậu thư” yêu cầu Lê Đại Hành đầu hàng, dâng nước ta cho giặc. Những hành động ngoại giao của Lê Đại Hành cừ sứ gi...",,false,llm_assisted,silver,"(năm 938) đến thời Lê Đại Hành, đất nước ta lại trở thành mục tiêu",source chunk used as initial silver positive evidence
SQ0021,D002_C0357,D002,D002_P0370,370,1,"[Page 370] Chương VIIỉ. Chính trị thòi Trần Văn bia ""Hung Phúc tự bi"" ở xã Quảng Hùng, huyện Quảng Xương, tinh Thanh Hóa khắc dựng vào năm Khai Thái (Giáp Tý - 1324) cho biết hương Yên Duyên thuộc phù Thanh Hóa đều do quan Thượng tướng minh tự Lê Công An và đại toát Lê Bào Tù,...",,false,llm_assisted,silver,"(năm 938) đến thời Lê Đại Hành, đất nước ta lại trở thành mục tiêu",BM25 expansion silver positive; answer_overlap=0.62;year_ok=True
SQ0021,D002_C0660,D002,D002_P0680,680,1,"[Page 680] Tài liệu tham khảo 272. Phan Đại Doãn: Những bàn tav tài hoa, Nxb. Giáo dục, Hà Nội, 1988, tái bàn năm 1990. 273. Phan Đại Doãn: “Mấy suy nghĩ về cài cách chính quyền cấp hương của Hồ Quý Ly”, Tạp chí NCLS, số 5 - 1992. 274. Phan Đại Doãn - Nguyễn Quang Ngọc: “Bạch...",,false,llm_assisted,silver,"(năm 938) đến thời Lê Đại Hành, đất nước ta lại trở thành mục tiêu",BM25 expansion silver positive; answer_overlap=0.38;question_overlap=0.41;year_ok=True
SQ0021,D002_C0060,D002,D002_P0066,66,1,"[Page 66] Chương II. Nhà Ngô và nhà Đinh (939 - 980) là em rể) của Dương Tam Kha. Dương Tam Kha là con trai cùa Dương Đinh Nghệ. Khi Dương Đỉnh Nghệ xóa bò chính quyền đô hộ cùa nhà Nam Hán, giữ chức Tiết độ sứ và đóng ở Đại La thì Ngô Quyền được giao trấn trị Ái Châu và chắc...",,false,llm_assisted,silver,"(năm 938) đến thời Lê Đại Hành, đất nước ta lại trở thành mục tiêu",BM25 expansion silver positive; answer_overlap=0.69;year_ok=True
SQ0022,D004_C0092,D004,D004_P0106,106,1,"[Page 106] Chương II. Tình hình chính trị Đàng Ngoài và Đàng Trong Không chi dừng ờ việc xâm chiếm đất đai, quan quân triều Thanh còn thường sang quấy nhiễu, cướp phá vùng biên giới của Đại Việt. Năm Kỳ Mão (1699), sầm Trì Phượng ở châu Tiểu Trấn Yên triều Thanh thường đem quâ...",,false,llm_assisted,silver,"Cho đến nửa cuối thế kỷ XVIII, vào năm 1780, triều đình Lê -",source chunk used as initial silver positive evidence
SQ0022,D005_C0637,D005,D005_P0663,663,1,"[Page 663] LỊCH SỬ VIỆT NAM - TẬP 5 bản sẵn sàng chu cấp, đài thọ về vật chất và phương tiện cho các giáo sĩ, cụ thể như tàu bè, tiền bạc và các lễ vật quý để các giáo sĩ liên hệ với chính quyền và các quan chức, môi giới cho các thương vụ buôn bán ở Việt Nam. Các giáo sĩ còn...",,false,llm_assisted,silver,"Cho đến nửa cuối thế kỷ XVIII, vào năm 1780, triều đình Lê -",BM25 expansion silver positive; answer_overlap=0.45;year_ok=True
SQ0023,D006_C0088,D006,D006_P0100,100,1,"[Page 100] Chương II. Cuộc kháng chiến của nhân dân Việt Nam.. Nha; kèm theo đó là nghệ thuật quân sự cũng rất lạc hậu, công sự phòng ngự thì sơ sài, không thể chịu đụng được nhũng trận pháo kích của giặc từ vịnh bắn vào. Sau khi Nguyễn Tri Phương được cử làm Tổng chỉ huy mặt...",,false,llm_assisted,silver,"Quốc sử quán triều Nguyễn (2006), Đại Nam thực lục, tập 7, Nxb.",source chunk used as initial silver positive evidence
SQ0023,D006_C0098,D006,D006_P0110,110,1,[Page 110] Chương II. Cuộc kháng chiến của nhân dân Việt Nam.. từ phía quân đội triều đình. Do thái độ cùa triều đình lừng chừng vì không dám đánh mạnh mà hòa cũng không dứt khoát nên cuối cùng việc hòa nghị lần này đã không thành. Sau khi không đạt kết quả trong lần đề nghị đ...,,false,llm_assisted,silver,"Quốc sử quán triều Nguyễn (2006), Đại Nam thực lục, tập 7, Nxb.",BM25 expansion silver positive; answer_overlap=0.91;year_ok=True
SQ0023,D005_C0383,D005,D005_P0411,411,1,"[Page 411] LỊCH SỪ VIỆT NAM - TẬP 5 thời vua Gia Long, một người Thanh là Trịnh Du đã được cử làm ""Tri phủ tàu Bắc thành coi việc thu thuế tiền buôn""1. Trong thương trường họ cũng có nhiều kinh nghiệm, thủ đoạn để thu được lợi nhuận cao nhất. Với số lượng người định cư làm ngh...",,false,llm_assisted,silver,"Quốc sử quán triều Nguyễn (2006), Đại Nam thực lục, tập 7, Nxb.",BM25 expansion silver positive; answer_overlap=0.73;year_ok=True
SQ0023,D015_C0025,D015,D015_P0037,37,1,[Page 37] Chương 1. Từng bước khắc phục khủng hoảng. Đời sống nhân dân gặp nhiều khó khăn. Không ít người lao động không thể kiếm được việc làm. Nhu cầu chính đáng tối thiểu của nhân dân về đòi sống vật chất và văn hóa không được bảo đảm. Nông thôn thiếu hàng tiêu dùng thông t...,,false,llm_assisted,silver,"Quốc sử quán triều Nguyễn (2006), Đại Nam thực lục, tập 7, Nxb.",BM25 expansion silver positive; answer_overlap=0.64;year_ok=True
SQ0024,D006_C0090,D006,D006_P0102,102,1,"[Page 102] Chương II. Cuộc kháng chiến của nhân dân Việt Nam.. - Trận Hoá Khuê - Thạc Giản (tháng 12-1858). Địch điều động một số lượng lớn (700 người) tấn công quân triều đình. Dưới sự chi huy trực tiếp cùa Phan Khắc Thận và Nguyễn Duy, quân triều đình đã chống trả kịch liệt....",,false,llm_assisted,silver,"Quốc sử quán triều Nguyễn (2006), Đại Nam thực lục, tập 7, Nxb.",source chunk used as initial silver positive evidence
SQ0024,D006_C0089,D006,D006_P0101,101,1,"[Page 101] LỊCH SỬ VIỆT NAM - TẬP 6 - Trận sông Nại Hiên lần thứ nhất (tháng 11-1858). Đây là trận đánh theo lối phục kích khi thuyền chiến của liên quân Pháp - Tây Ban Nha ngược dòng sông Hàn, sông Nại Hiên. Quân sỹ triều đình phân chia lực lượng để tập kích quân giặc và đã g...",,false,llm_assisted,silver,"Quốc sử quán triều Nguyễn (2006), Đại Nam thực lục, tập 7, Nxb.",BM25 expansion silver positive; answer_overlap=1.00;year_ok=True
SQ0024,D015_C0395,D015,D015_P0430,430,1,"[Page 430] LỊCH SỪ VIỆT NAM - TẬP 15 64. Học viện Ngoại giao, http://www.dav.edu.vn/vi 65. Học viện Quan hệ quan hệ quốc tế, 50 năm ngoại giao Việt Nam dưới sự lãnh đạo cùa Đảng Cộng sản Việt Nam, Kỷ yếu Hội thảo khoa học 22- 8-1995. 66. Vũ Dương Huân (chủ biên), Ngoại giao Vi...",,false,llm_assisted,silver,"Quốc sử quán triều Nguyễn (2006), Đại Nam thực lục, tập 7, Nxb.",BM25 expansion silver positive; answer_overlap=0.64;year_ok=True
SQ0024,D009_C0386,D009,D009_P0400,400,1,"[Page 400] LỊCH Sử VIỆT NAM - TẬP 9 2. Chỗ nào không đi qua thì mít tinh, biếu tình hô những điều đòi hỏi của dân chúng để truyền đạt lại cho chính phủ""'. Điều này chứng tỏ Đảng Cộng sản Đông Dương muốn mở rộng phong trào tới tất cả các tầng lớp nhân dân, không hạn chế thành p...",,false,llm_assisted,silver,"Quốc sử quán triều Nguyễn (2006), Đại Nam thực lục, tập 7, Nxb.",BM25 expansion silver positive; answer_overlap=0.55;year_ok=True
SQ0025,D006_C0091,D006,D006_P0103,103,1,"[Page 103] LỊCH SỪ VIỆT NAM - TẬP 6 triều đình cho quân tiếp ứng từ phía ngoài vào, quân địch phải rút chạy. Trận chiến này xảy ra vô cùng ác liệt, cả hai phía đều phải chịu tổn thất nặng nề1. Ket quả là sau 5 tháng chiến tranh, quân địch hầu như dậm chân tại chỗ. Trong khi đó...",,false,llm_assisted,silver,"Quốc sử quán triều Nguyễn (2006), Đại Nam thực lục, tập 7, Nxb.",source chunk used as initial silver positive evidence
SQ0025,D006_C0098,D006,D006_P0110,110,1,[Page 110] Chương II. Cuộc kháng chiến của nhân dân Việt Nam.. từ phía quân đội triều đình. Do thái độ cùa triều đình lừng chừng vì không dám đánh mạnh mà hòa cũng không dứt khoát nên cuối cùng việc hòa nghị lần này đã không thành. Sau khi không đạt kết quả trong lần đề nghị đ...,,false,llm_assisted,silver,"Quốc sử quán triều Nguyễn (2006), Đại Nam thực lục, tập 7, Nxb.",BM25 expansion silver positive; answer_overlap=0.91;year_ok=True
SQ0025,D015_C0025,D015,D015_P0037,37,1,[Page 37] Chương 1. Từng bước khắc phục khủng hoảng. Đời sống nhân dân gặp nhiều khó khăn. Không ít người lao động không thể kiếm được việc làm. Nhu cầu chính đáng tối thiểu của nhân dân về đòi sống vật chất và văn hóa không được bảo đảm. Nông thôn thiếu hàng tiêu dùng thông t...,,false,llm_assisted,silver,"Quốc sử quán triều Nguyễn (2006), Đại Nam thực lục, tập 7, Nxb.",BM25 expansion silver positive; answer_overlap=0.64;year_ok=True
SQ0025,D015_C0390,D015,D015_P0424,424,1,"[Page 424] LỊCH SỬ VIỆT NAM - TẬP 15 Quá trình chuyển sang nền kinh tế thị trường ở Việt Nam đã không gây xáo trộn về xã hội, đổ vỡ về chính trị như các cuộc cải tổ, cải cách ở các nước XHCN Đông Âu và Liên Xô trước đây. Con đường phát triển hợp quy luật đã giúp V iệt N am giả...",,false,llm_assisted,silver,"Quốc sử quán triều Nguyễn (2006), Đại Nam thực lục, tập 7, Nxb.",BM25 expansion silver positive; answer_overlap=0.45;year_ok=True
SQ0026,D008_C0092,D008,D008_P0101,101,1,[Page 101] Chương II. Thực dân Pháp củng cố và tăng cường... trấn áp của chính quyền thuộc địa đối với những hình thức mới của phong trào yêu nước của Việt Nam. Theo tác giả Patrice Morlat thì công cuộc cải tổ về tư pháp ở Việt Nam chính thức kết thúc vào năm 19281. Lý do của...,,false,llm_assisted,silver,"về nhân sự, theo Morlat, năm 1925, nhu cầu về quan tòa của",source chunk used as initial silver positive evidence
SQ0026,D008_C0017,D008,D008_P0026,26,1,[Page 26] LỊCH SỪ VIỆT NAM - TẬP 8 mất trắng sẽ là 40 tỷ francs'. Việc Pháp tham gia liên minh can thiệp vũ trang của 14 nước vào Nga và ượ cấp về tài chính cho Bạch vệ chổng phá chính quyền Xô viết đã lại ngổn thêm hàng tỷ firancs trong ngân quỹ của Pháp2. Ngân sách của Pháp...,,false,llm_assisted,silver,"về nhân sự, theo Morlat, năm 1925, nhu cầu về quan tòa của",BM25 expansion silver positive; answer_overlap=0.50;year_ok=True
SQ0026,D008_C0413,D008,D008_P0432,432,1,"[Page 432] LỊCH SỪ VIỆT NAM - TẬP 8 c. Đường dây Xiêm La (Thái Lan) Sau Chiến tranh thế giới lần thứ nhất, từ năm 1918 đến năm 1925, Đặng Thúc Hứa đã đóng một vai trò quan trọng trong việc thiết lập đường dây liên lạc, đưa đón những người yêu nước, hoạt động cách mạng giữa Xiê...",,false,llm_assisted,silver,"về nhân sự, theo Morlat, năm 1925, nhu cầu về quan tòa của",BM25 expansion silver positive; answer_overlap=0.70;year_ok=True
SQ0026,D008_C0020,D008,D008_P0029,29,1,"[Page 29] Chương ỉ. Chính sách thuộc địa của thực dân Pháp... Ket quả, một cuộc khùng hoảng trầm trọng về tài chính đã diễn ra, đồng franc ngày một mất giá so với các đồng tiền khác trong trao đổi, nhất là so với đồng đô la và đồng sterling. Vào tháng 7 năm 1919, 1 đô la chi đ...",,false,llm_assisted,silver,"về nhân sự, theo Morlat, năm 1925, nhu cầu về quan tòa của",BM25 expansion silver positive; answer_overlap=0.50;year_ok=True
SQ0027,D008_C0091,D008,D008_P0100,100,1,"[Page 100] LỊCH SỪ VIỆT NAM - TẬP 8 phố do Công sứ đứng đầu, Tổng đốc là phó cùng 4 thành viên người Pháp và 4 thành viên người Việt; thành phố Thanh Hóa được lập vào năm 1929, qua Nghị định ngày 31-5-1929 (được sửa đổi bằng Nghị định ngày 30-12-1929 và 18-11-1930), với Hội đồ...",,false,llm_assisted,silver,"phố do Công sứ đứng đầu, Tổng đốc là phó cùng 4 thành viên",source chunk used as initial silver positive evidence
SQ0027,D014_C0148,D014,D014_P0159,159,1,"[Page 159] Chương /. Khắc phục hậu quả chiến tranh.., Ngày 15-3-1976, Chù tịch Hội đồng cố vấn Chính phủ Cách mạng Lâm thời Cộng hòa miền Nam Việt Nam đã ký và ban hành 3 Sắc luật quan trọng: 1. sắc luật tô chức Tòa án nhân dân và Viện Kiêm sát nhân dân các cấp (huyện, quận, t...",,false,llm_assisted,silver,"phố do Công sứ đứng đầu, Tổng đốc là phó cùng 4 thành viên",BM25 expansion silver positive; answer_overlap=0.40;question_overlap=0.62;year_ok=True
SQ0027,D001_C0363,D001,D001_P0382,382,1,"[Page 382] LỊCH SỪ VIỆT NAM - TẬP 1 đó tiến đánh phủ thành An Nam, đánh chém được Dương Thanh, tru di cả họ1. Cuộc khởi nghĩa bị dập tắt. Nguyên nhân thất bại và ý nghĩa của cuộc khởi nghĩa Dương Thanh * Nguyên nhân thất bại Từ diễn biến của cuộc khởi nghĩa cho thấy ngay từ đầ...",,false,llm_assisted,silver,"phố do Công sứ đứng đầu, Tổng đốc là phó cùng 4 thành viên",BM25 expansion silver positive; answer_overlap=0.40;question_overlap=0.62;year_ok=True
SQ0027,D005_C0099,D005,D005_P0105,105,1,"[Page 105] LỊCH SỪ VIỆT NAM - TẬP 5 Cơ quan Tổng trấn Bắc thành tại Thăng Long lúc đầu đặt bốn ty, sau đặt thêm Ty Thư tả. Trong đó: Ty Tả thừa đặt 2 tào nội thuộc - tào Hộ phụ trách việc hộ tịch, thu giữ, bảo quản sổ sách hộ tịch, tham gia kiểm xét sổ hộ tịch cho các trấn gửi...",,false,llm_assisted,silver,"phố do Công sứ đứng đầu, Tổng đốc là phó cùng 4 thành viên",BM25 expansion silver positive; answer_overlap=0.50;year_ok=True
SQ0028,D009_C0092,D009,D009_P0102,102,1,"[Page 102] LỊCH SỪ VIỆT NAM - TẬP 9 ""Năm ỉ 926, thương khấu Hải Phòng xuất 148.000 tấn gạo, nhưng năm 1930 chi xuất hom 64.000 tấn và năm 1931 chi còn 33.000 tấn""1. Thống kê về ngoại thương đặc biệt cùa Đông Dương cho biết nếu lấy năm 1934 so với năm 1929, xuất khẩu của Đông D...",,false,llm_assisted,silver,"""Năm ỉ 926, thương khấu Hải Phòng xuất 148.000 tấn gạo,",source chunk used as initial silver positive evidence
SQ0029,D009_C0093,D009,D009_P0103,103,1,"[Page 103] Chương l. Chính sách thuộc địa của Pháp.. năm 1935'. Việc buôn bán trong nội địa ế ẩm, tiền thu thuế môn bài ở Bắc Kỳ trong các năm 1933-1936 so với năm 1930 giảm từ 3 đến 4 lần đối với các nhà kinh doanh người Việt, từ 14 đến 15 lần đối với người Âu và từ 6 đến 8 l...",,false,llm_assisted,silver,bài ở Bắc Kỳ trong các năm 1933-1936 so với năm 1930 giảm từ,source chunk used as initial silver positive evidence
SQ0030,D013_C0090,D013,D013_P0100,100,1,"[Page 100] LỊCH SỪ VIỆT NAM - TẬP 13 từ 1965 đến 1967, lực lượng phòng không miền Bắc có 33 trung đoàn và 66 tiểu đoàn pháo cao xạ, 10 trung đoàn tên lửa, 2 trung đoàn không quân tiêm kích và 4 trung đoàn, 1 tiểu đoàn ra đa. Đẻ tiện việc chi huy thống nhất, Bộ Tổng tư lệnh Quâ...",,false,llm_assisted,silver,"tiện việc chi huy thống nhất, Bộ Tổng tư lệnh Quân đội Nhân dân",source chunk used as initial silver positive evidence
SQ0030,D005_C0099,D005,D005_P0105,105,1,"[Page 105] LỊCH SỪ VIỆT NAM - TẬP 5 Cơ quan Tổng trấn Bắc thành tại Thăng Long lúc đầu đặt bốn ty, sau đặt thêm Ty Thư tả. Trong đó: Ty Tả thừa đặt 2 tào nội thuộc - tào Hộ phụ trách việc hộ tịch, thu giữ, bảo quản sổ sách hộ tịch, tham gia kiểm xét sổ hộ tịch cho các trấn gửi...",,false,llm_assisted,silver,"tiện việc chi huy thống nhất, Bộ Tổng tư lệnh Quân đội Nhân dân",BM25 expansion silver positive; answer_overlap=0.58;year_ok=True
SQ0030,D010_C0090,D010,D010_P0099,99,1,"[Page 99] Chưomg I. Việt Nam từ thành lập nền dân chủ cộng hòa... 5. Tìm cách hạn chế chiến tranh lan rộng ra miền Bắc Ký hiệp định sơ bộ (6-3-1946) Trong thế bị bao vây tứ phía, bị cô lập hoàn toàn với bên ngoài, đơn độc đối phó với quân Pháp ờ Nam Bộ và Nam Trung Bộ, Chính p...",,false,llm_assisted,silver,"tiện việc chi huy thống nhất, Bộ Tổng tư lệnh Quân đội Nhân dân",BM25 expansion silver positive; answer_overlap=0.42;question_overlap=0.58;year_ok=True
SQ0030,D005_C0119,D005,D005_P0128,128,1,"[Page 128] Chương //. Hệ thống quản lý hành chính.Ễ, việc tuyên bố đức ý triều đình, vỗ yên nhân dân, coi giữ các việc chính trị, giáo dục, mở điều lợi, bỏ điều hại""1. Phàm trong tỉnh có việc gì nên tâu báo thì làm tập tâu chuyển đến triều đình. Đối với tinh mà Tông đốc kiêm n...",,false,llm_assisted,silver,"tiện việc chi huy thống nhất, Bộ Tổng tư lệnh Quân đội Nhân dân",BM25 expansion silver positive; answer_overlap=0.50;year_ok=True
SQ0031,D014_C0091,D014,D014_P0102,102,1,"[Page 102] LỊCH SỪ VIỆT NAM - TẬP 14 5 đại biểu dân tộc thiểu số; Cao Lạng 9 đại biểu, trong đó 6 đại biểu dân tộc thiểu số; Bắc Thái 8 đại biểu, trong đó 5 đại biểu dân tộc thiểu số; Quảng Ninh 8 đại biểu, trong đó 2 đại biểu dân tộc thiêu số; Hà Sơn Bình 21 đại biểu, trong đ...",,false,llm_assisted,silver,"5 đại biểu dân tộc thiểu số; Cao Lạng 9 đại biểu, trong đó 6 đại biểu",source chunk used as initial silver positive evidence
SQ0031,D005_C0197,D005,D005_P0207,207,1,"[Page 207] LỊCH SỪ VIỆT NAM - TẬP 5 Chẳng hạn điều 2: Nếu có những người ờ làng không chịu cày cấy, tụ tập nhau rượu chè, cờ bạc; tổng, lý răn cấm không được thì cho phép giải đến quan trừng phạt. Một lần thì ghi tên, cho về. Ba lần mà không chừa thì xử tội côn đồ bắt đi sung...",,false,llm_assisted,silver,"5 đại biểu dân tộc thiểu số; Cao Lạng 9 đại biểu, trong đó 6 đại biểu",BM25 expansion silver positive; answer_overlap=0.50;year_ok=True
SQ0031,D009_C0590,D009,D009_P0607,607,1,"[Page 607] Chương VI. Quá trình vận động cách mạng.. Do hiểu được đường lối cứu nước của Đảng, nhiều hào lý đã quay sang ủng hộ cách mạng hoặc giữ thái độ trung lập. Đặc biệt là một phong trào chuẩn bị khởi nghĩa vũ trang giành chính quyền đã lan trên khắp xứ: cuộc khởi nghTa...",,false,llm_assisted,silver,"5 đại biểu dân tộc thiểu số; Cao Lạng 9 đại biểu, trong đó 6 đại biểu",BM25 expansion silver positive; answer_overlap=0.50;year_ok=True
SQ0031,D005_C0115,D005,D005_P0123,123,1,"[Page 123] LỊCH SỬ VIỆT NAM - TẬP 5 đinh, điền không đầy 100, chi đặt 1 Thổ lại mục""1. Đó là những quy định đối với các huyện, châu ở miền thượng du. Ở các huyện đồng bằng số đinh, điền nhiều hơn các huyện ờ miền núi, công việc ờ huyện nha nhiều hơn nên tại mỗi huyện đều đặt 1...",,false,llm_assisted,silver,"5 đại biểu dân tộc thiểu số; Cao Lạng 9 đại biểu, trong đó 6 đại biểu",BM25 expansion silver positive; answer_overlap=0.62;year_ok=True
SQ0032,D014_C0095,D014,D014_P0106,106,1,"[Page 106] LỊCH SỬ VIỆT NAM - TẬP 14 tương đương; cấp xã và tương đương. Ở mỗi cấp chính quyền đều có Hội đồng nhân dân, được bầu theo nguyên tắc phổ thông, bình đẳng, trực tiếp, bò phiếu kín, và ủy ban nhân dân là cơ quan chấp hành của Hội đồng nhân dân'. Với kết quả của kỳ h...",,false,llm_assisted,silver,phát triển cách mạng Việt Nam và kết quả giành được đó đã thể,source chunk used as initial silver positive evidence
SQ0032,D014_C0148,D014,D014_P0159,159,1,"[Page 159] Chương /. Khắc phục hậu quả chiến tranh.., Ngày 15-3-1976, Chù tịch Hội đồng cố vấn Chính phủ Cách mạng Lâm thời Cộng hòa miền Nam Việt Nam đã ký và ban hành 3 Sắc luật quan trọng: 1. sắc luật tô chức Tòa án nhân dân và Viện Kiêm sát nhân dân các cấp (huyện, quận, t...",,false,llm_assisted,silver,phát triển cách mạng Việt Nam và kết quả giành được đó đã thể,BM25 expansion silver positive; answer_overlap=0.55;year_ok=True
SQ0032,D005_C0099,D005,D005_P0105,105,1,"[Page 105] LỊCH SỪ VIỆT NAM - TẬP 5 Cơ quan Tổng trấn Bắc thành tại Thăng Long lúc đầu đặt bốn ty, sau đặt thêm Ty Thư tả. Trong đó: Ty Tả thừa đặt 2 tào nội thuộc - tào Hộ phụ trách việc hộ tịch, thu giữ, bảo quản sổ sách hộ tịch, tham gia kiểm xét sổ hộ tịch cho các trấn gửi...",,false,llm_assisted,silver,phát triển cách mạng Việt Nam và kết quả giành được đó đã thể,BM25 expansion silver positive; answer_overlap=0.36;question_overlap=0.54;year_ok=True
SQ0032,D008_C0488,D008,D008_P0507,507,1,"[Page 507] Chương VIII. Các tổ chức cách mạng ra đời... Khi mới ra đời, Việt Nam Quốc dân Đảng chưa đề ra được một đường lối chính trị nào rõ ràng. Bàn Điều lệ được đưa ra trong ngày thành lập phỏng theo chương trình chi ghi chung chung là: ""Trước làm dân tộc cách mạng, sau là...",,false,llm_assisted,silver,phát triển cách mạng Việt Nam và kết quả giành được đó đã thể,BM25 expansion silver positive; answer_overlap=0.64;year_ok=True
SQ0033,D002_C0097,D002,D002_P0102,102,1,"[Page 102] Chương III. Đại cồ Việt thòi Tiền Lê (980 - 1009) Quân khí khố phó sứ Già Thực; Cung phụng quan cáp môn chi hậu Vương Soạn, gấp rút chuẩn bị lực lượng, thống nhất kế hoạch, hẹn cùng ngày giờ tràn sang xâm chiếm Đại cồ Việt. * Kế hoạcli chống quân xâm lược Tống Do bi...",,false,llm_assisted,silver,dân Đại c ồ Việt lập tức tổ chức kháng chiến chống sự xâm lược,source chunk used as initial silver positive evidence
SQ0033,D009_C0020,D009,D009_P0030,30,1,"[Page 30] LỊCH SỪ VIỆT NAM - TẬP 9 tự do bị phê phán quyết liệt, chế độ đại nghị và nền dân chủ tư sản bị lên án, vai trò và sự can thiệp của nhà nước trong việc quản lý và điều hành nền kinh tế được đề cao trong khái niệm ""kinh tế chi huy"". Nhà nước kết hợp với các công ty tư...",,false,llm_assisted,silver,dân Đại c ồ Việt lập tức tổ chức kháng chiến chống sự xâm lược,BM25 expansion silver positive; answer_overlap=0.36;question_overlap=0.64;year_ok=True
SQ0033,D010_C0250,D010,D010_P0260,260,1,"[Page 260] LỊCH S ừ VIỆT NAM - TẬP 10 nghiệp, thương mại rồi mới đến kỹ nghệ (chú ý kỹ nghệ chế tạo vũ khí và khai thác)""1. Hội nghị chi rõ: ""Chính sách kinh tế đại khái gồm mấy điểm này: tăng gia sản xuất, rút bớt chi tiêu (hai việc này phải làm có kế hoạch), giảm nhẹ sự đóng...",,false,llm_assisted,silver,dân Đại c ồ Việt lập tức tổ chức kháng chiến chống sự xâm lược,BM25 expansion silver positive; answer_overlap=0.45;year_ok=True
SQ0033,D009_C0043,D009,D009_P0053,53,1,"[Page 53] Chương I. Chính sách thuộc địa của Pháp.. dân và chế độ phong kiến cùng sụp đồ trước chủ nghĩa cộng sản thì chúng sẽ mất mọi chỗ dựa. Vì thế, chúng đã dấy lên cả một phong trào xin với chính phủ thực dân quay trờ lại với chế độ ""bảo hộ chặt chẽ"" và thực hiện một chín...",,false,llm_assisted,silver,dân Đại c ồ Việt lập tức tổ chức kháng chiến chống sự xâm lược,BM25 expansion silver positive; answer_overlap=0.55;year_ok=True
SQ0034,D005_C0100,D005,D005_P0106,106,1,"[Page 106] Chương II. Hệ thống quản lý hành chínhẳẽ. Viên Tổng trấn thành Gia Định phải chịu trách nhiệm trước triều đình và nhà vua về mọi công việc thuộc thành. Quyền lực thực tế của Tổng trấn thành Gia Định ban đầu là Nguyễn Văn Nhân, từ năm 1813 quyền Tổng trấn thuộc về Lê...",,false,llm_assisted,silver,triều đình và nhà vua về mọi công việc thuộc thành.,source chunk used as initial silver positive evidence
SQ0034,D009_C0013,D009,D009_P0020,20,1,"[Page 20] LỊCH SỪ VIỆT NAM - TẬP 9 hình thái chiến tranh cách mạng ớ Việt Nam đế giải thích nguyên nhân đưa đến thang lợi của cuộc Cách mạng tháng Tám năm 1945. Trên những hướng nghiên cứu đó, đã có nhũng công trình mang tính chat thông sử, trình bày khái quát về thời kỳ lịch...",,false,llm_assisted,silver,triều đình và nhà vua về mọi công việc thuộc thành.,BM25 expansion silver positive; answer_overlap=0.44;question_overlap=0.79;year_ok=True
SQ0034,D002_C0363,D002,D002_P0376,376,1,"[Page 376] Chương Via. Chính trị thòi Trần tuyển chọn quan lại là trọng dụng những người trong dòng họ vào việc nước. * Tuyển chọn những quỷ tộc đồng tộc Nhà nước Trần vừa là Nhà nước quân chủ quý tộc đồng tộc vừa là Nhà nước quân chủ quan liêu. Khi mới thiết lập vương triều,...",,false,llm_assisted,silver,triều đình và nhà vua về mọi công việc thuộc thành.,BM25 expansion silver positive; answer_overlap=0.56;year_ok=True
SQ0034,D002_C0375,D002,D002_P0388,388,1,"[Page 388] Chương VIII. Chính trị thời Trần Như vậy, có thể khái quát rằng triều đình nhà Trần trọng dụng tất cà những người hiền tài, không kể đến đường xuất thân và không nhất thiết là cứ phải qua thi cừ. Các tầng lớp nhân tài được trọng dụng là: những tôn thất, những người...",,false,llm_assisted,silver,triều đình và nhà vua về mọi công việc thuộc thành.,BM25 expansion silver positive; answer_overlap=0.56;year_ok=True
SQ0035,D008_C0097,D008,D008_P0106,106,1,"[Page 106] LỊCH SỪ VIỆT NAM - TẬP 8 30-8-1928 và 17-9-1930). Toàn quyền có quyền quyết định mọi thể thức tuyển lính trên cơ sở sắc lệnh năm 1923. Chẳng hạn ở Bắc Kỳ và Trung Kỳ, Toàn quyền giao số lượng cho mỗi xứ để người đứng đầu phân bổ cho mỗi tinh, rồi tinh giao cho mỗi h...",,false,llm_assisted,silver,"khác, theo những quy định mới, chính phủ thuộc địa đặt ra lệ thưởng",source chunk used as initial silver positive evidence
SQ0035,D009_C0013,D009,D009_P0020,20,1,"[Page 20] LỊCH SỪ VIỆT NAM - TẬP 9 hình thái chiến tranh cách mạng ớ Việt Nam đế giải thích nguyên nhân đưa đến thang lợi của cuộc Cách mạng tháng Tám năm 1945. Trên những hướng nghiên cứu đó, đã có nhũng công trình mang tính chat thông sử, trình bày khái quát về thời kỳ lịch...",,false,llm_assisted,silver,"khác, theo những quy định mới, chính phủ thuộc địa đặt ra lệ thưởng",BM25 expansion silver positive; answer_overlap=0.42;question_overlap=0.86;year_ok=True
SQ0035,D009_C0043,D009,D009_P0053,53,1,"[Page 53] Chương I. Chính sách thuộc địa của Pháp.. dân và chế độ phong kiến cùng sụp đồ trước chủ nghĩa cộng sản thì chúng sẽ mất mọi chỗ dựa. Vì thế, chúng đã dấy lên cả một phong trào xin với chính phủ thực dân quay trờ lại với chế độ ""bảo hộ chặt chẽ"" và thực hiện một chín...",,false,llm_assisted,silver,"khác, theo những quy định mới, chính phủ thuộc địa đặt ra lệ thưởng",BM25 expansion silver positive; answer_overlap=0.67;year_ok=True
SQ0035,D009_C0020,D009,D009_P0030,30,1,"[Page 30] LỊCH SỪ VIỆT NAM - TẬP 9 tự do bị phê phán quyết liệt, chế độ đại nghị và nền dân chủ tư sản bị lên án, vai trò và sự can thiệp của nhà nước trong việc quản lý và điều hành nền kinh tế được đề cao trong khái niệm ""kinh tế chi huy"". Nhà nước kết hợp với các công ty tư...",,false,llm_assisted,silver,"khác, theo những quy định mới, chính phủ thuộc địa đặt ra lệ thưởng",BM25 expansion silver positive; answer_overlap=0.50;year_ok=True
SQ0036,D010_C0092,D010,D010_P0101,101,1,"[Page 101] Chương I. Việt Nam từ thành lập nền dân chủ cộng hòa.. Quần chúng diễu qua Phù Toàn quyền, vừa đi vừa hô to các khẩu hiệu: ""Hoa - Việt thân thiện""; ""ủng hộ Chính phù lâm thời""; ""ủng hộ Chủ tịch Hồ Chí Minh""; ""ủng hộ Việt Nam độc lập đồng minh"". Những cuộc biểu dương...",,false,llm_assisted,silver,"hộ Chủ tịch Hồ Chí Minh""; ""ủng hộ Việt Nam độc lập đồng minh"".",source chunk used as initial silver positive evidence
SQ0036,D009_C0013,D009,D009_P0020,20,1,"[Page 20] LỊCH SỪ VIỆT NAM - TẬP 9 hình thái chiến tranh cách mạng ớ Việt Nam đế giải thích nguyên nhân đưa đến thang lợi của cuộc Cách mạng tháng Tám năm 1945. Trên những hướng nghiên cứu đó, đã có nhũng công trình mang tính chat thông sử, trình bày khái quát về thời kỳ lịch...",,false,llm_assisted,silver,"hộ Chủ tịch Hồ Chí Minh""; ""ủng hộ Việt Nam độc lập đồng minh"".",BM25 expansion silver positive; answer_overlap=0.30;question_overlap=0.79;year_ok=True
SQ0036,D009_C0516,D009,D009_P0530,530,1,"[Page 530] LỊCH SỬ VIỆT NAM - TẬP 9 Nhân dân Đông Dương, từ các nhà buôn, tới các nhà công nghệ hay những người thợ thủ công cho tới những người tiêu dùng đều chẳng được hường lợi gì tò việc kiểm soát hay từ “nền kinh tế chi huy"" của Pháp, trái lại đã đói khổ còn đói khổ hơn d...",,false,llm_assisted,silver,"hộ Chủ tịch Hồ Chí Minh""; ""ủng hộ Việt Nam độc lập đồng minh"".",BM25 expansion silver positive; answer_overlap=0.50;year_ok=True
SQ0036,D001_C0472,D001,D001_P0491,491,1,"[Page 491] Chương VIII. Sự hình thành và phát triển... Như thế, việc xe sợi, dệt vải trắng, nhuộm và dệt nhiều màu, đã phổ biến và có kỹ thuật tinh xảo, làm thành một bước tiến đáng kể của nghề thù công cổ truyền này. * Nghề gom Trong nền Văn hóa Sa Huỳnh, kỹ thuật chế tạo và...",,false,llm_assisted,silver,"hộ Chủ tịch Hồ Chí Minh""; ""ủng hộ Việt Nam độc lập đồng minh"".",BM25 expansion silver positive; answer_overlap=0.40;question_overlap=0.57;year_ok=True
SQ0037,D001_C0095,D001,D001_P0108,108,1,"[Page 108] LỊCH SỬ VIỆT NAM - TẬP 1 Cổ học đã tìm thấy di tích về những hạt lúa. Đến thời Văn hóa Đông Sơn, lúa gạo đã trở thành thứ lương thực hàng đầu trong cuộc sống của con người. Nen nông nghiệp đã có bước chuyển từ việc dùng cuốc đá thời Phùng Nguyên sang dùng cuốc đồng,...",,false,llm_assisted,silver,"Phùng Nguyên sang dùng cuốc đồng, liềm đồng thời kỳ Đồng Đậu,",source chunk used as initial silver positive evidence
SQ0037,D001_C0082,D001,D001_P0095,95,1,"[Page 95] Chương //. Sự hình thành nước Văn Lang Phát hiện lò nấu đồng nhỏ, quanh đó ít xi đồng, mảnh nồi nấu đồng, khuôn đúc chủ yếu bằng đất nung cho thấy quy mô nghề đúc đồng theo từng hộ gia đình trong làng xóm. Nghề đúc đồng chưa được chuyên môn hóa bởi nhiều lý do chi ph...",,false,llm_assisted,silver,"Phùng Nguyên sang dùng cuốc đồng, liềm đồng thời kỳ Đồng Đậu,",BM25 expansion silver positive; answer_overlap=0.56;year_ok=True
SQ0037,D001_C0097,D001,D001_P0110,110,1,"[Page 110] LỊCH SỪ VIỆT NAM - TẬP 1 đậu được trồng ở vườn quanh nhà làm thức ăn. vỏ bầu già làm gáo hoặc đồ đựng nước, đựng rượu. Như vậy, cùng với nghề làm nương rẫy, làm ruộng, làm vườn là ba hình thức chủ yếu của nghề trồng trọt. Ket hợp với nông nghiệp trồng trọt, cư dân b...",,false,llm_assisted,silver,"Phùng Nguyên sang dùng cuốc đồng, liềm đồng thời kỳ Đồng Đậu,",BM25 expansion silver positive; answer_overlap=0.56;year_ok=True
SQ0037,D001_C0079,D001,D001_P0092,92,1,"[Page 92] LỊCH SỪ VIỆT NAM - TẬP 1 vào lò nung. Có thể coi đó là bước khởi đầu cho kỹ thuật tráng men gốm sau này. Gốm được nung trong hố hở ở ngoài trời, nhiệt độ khoảng 600 - 800°c. Gốm tạp sắc. Loại hình đồ gốm đa dạng, phong phú, song nhiều nhất vẫn là đồ gia dụng, gồm nồi...",,false,llm_assisted,silver,"Phùng Nguyên sang dùng cuốc đồng, liềm đồng thời kỳ Đồng Đậu,",BM25 expansion silver positive; answer_overlap=0.67;year_ok=True
SQ0038,D009_C0091,D009,D009_P0101,101,1,"[Page 101] Chương I. Chính sách thuộc địa của Pháp.. làm trước đây, chính phủ thuộc địa tăng cả thuế trực thu và gián thu làm ảnh hưởng tới đời sống cùa mọi người dân lao động. 2. Tinh hình một số ngành kinh tế Trong khùng hoảng, một số ngành kinh tế ""không được che chan"" đã b...",,false,llm_assisted,silver,do sự giảm giá của những sản phẩm xuất khẩu của Đông Dương,source chunk used as initial silver positive evidence
SQ0038,D010_C0313,D010,D010_P0323,323,1,"[Page 323] Chương V. Biến hậu phương của địch.. bao gồm: Khu Nam Campuchia, Khu Bắc Campuchia, Khu Tây Campuchia. Cơ cấu tổ chức của quân đội Pháp ở Đông Dương gồm có các binh chủng bộ binh, quân nhảy dù, lực lượng biệt kích, quân cảnh và hiến binh, vệ binh cơ động, không quân...",,false,llm_assisted,silver,do sự giảm giá của những sản phẩm xuất khẩu của Đông Dương,BM25 expansion silver positive; answer_overlap=0.30;question_overlap=0.75;year_ok=True
SQ0038,D001_C0472,D001,D001_P0491,491,1,"[Page 491] Chương VIII. Sự hình thành và phát triển... Như thế, việc xe sợi, dệt vải trắng, nhuộm và dệt nhiều màu, đã phổ biến và có kỹ thuật tinh xảo, làm thành một bước tiến đáng kể của nghề thù công cổ truyền này. * Nghề gom Trong nền Văn hóa Sa Huỳnh, kỹ thuật chế tạo và...",,false,llm_assisted,silver,do sự giảm giá của những sản phẩm xuất khẩu của Đông Dương,BM25 expansion silver positive; answer_overlap=0.40;question_overlap=0.50;year_ok=True
SQ0038,D010_C0020,D010,D010_P0028,28,1,"[Page 28] LỊCH SỪ VIỆT NAM - TẬP 10 đội, từ Côn Minh, theo Phái đoàn đầu tiên của oss của Mỹ (do Trung úy Patti dẫn đầu), đáp máy bay xuống Hà Nội. Sainteny và đồng đội được đưa đến Phủ Toàn quyền1 và bị quân Nhật giam giữ ờ đó, không thể liên lạc được với bên ngoài. Ngày 27-8...",,false,llm_assisted,silver,do sự giảm giá của những sản phẩm xuất khẩu của Đông Dương,BM25 expansion silver positive; answer_overlap=0.40;question_overlap=0.38;year_ok=True
SQ0039,,,,,NONE,Silver no-answer candidate; keyword/BM25 screened; requires manual verification,,false,llm_assisted,silver,Không có bằng chứng trực tiếp trong corpus silver-label.,no obvious evidence found by keyword/BM25 screening
SQ0040,,,,,NONE,Silver no-answer candidate; keyword/BM25 screened; requires manual verification,,false,llm_assisted,silver,Không có bằng chứng trực tiếp trong corpus silver-label.,no obvious evidence found by keyword/BM25 screening
